{"cameraMode":{"drawMode":0,"name":"Shaded","section":"Shading Mode"},"sceneLighting":true,"audioPlay":false,"sceneViewState":{"showFog":false,"showMaterialUpdate":true,"showSkybox":true,"showFlares":true,"showImageEffects":false,"showParticleSystems":false},"in2DMode":false,"pivot":{"x":163.29144287109376,"y":-10.300363540649414,"z":-14.3397798538208},"rotation":{"x":0.010137741453945637,"y":-0.9898244738578796,"z":0.10462503135204315,"w":0.09592290967702866},"size":49.671478271484378,"orthographic":false}